{
  "BLEU_1": 0.14541350745243573,
  "BLEU_2": 0.11922745200107492,
  "BLEU_3": 0.08655703288527035,
  "BLEU_4": 0.06490874650384028,
  "ROUGE_L": 0.43951833607006024,
  "CIDEr": 0.1184857174619768
}